{"cameraMode":{"drawMode":0,"name":"Shaded","section":"Shading Mode"},"sceneLighting":false,"audioPlay":false,"sceneViewState":{"m_AlwaysRefresh":false,"showFog":true,"showSkybox":false,"showFlares":true,"showImageEffects":true,"showParticleSystems":true,"showVisualEffectGraphs":true,"m_FxEnabled":true},"in2DMode":false,"pivot":{"x":0.09889400005340576,"y":0.5571204423904419,"z":-0.04546976089477539},"rotation":{"x":-0.20742008090019227,"y":-0.3763794004917145,"z":0.08685524761676789,"w":-0.8987612128257752},"size":2.0383267402648927,"orthographic":false}