{"cameraMode":{"drawMode":0,"name":"Shaded","section":"Shading Mode"},"sceneLighting":true,"audioPlay":false,"sceneViewState":{"m_AlwaysRefresh":false,"showFog":true,"showSkybox":true,"showFlares":true,"showImageEffects":true,"showParticleSystems":true,"showVisualEffectGraphs":true,"m_FxEnabled":true},"in2DMode":false,"pivot":{"x":-28.166414260864259,"y":9.706757545471192,"z":20.956111907958986},"rotation":{"x":0.25426584482192995,"y":0.5537904500961304,"z":-0.18248073756694795,"w":0.7716310620307922},"size":11.633625030517579,"orthographic":false}